movie,month,mentions,n_posts,n_comments,avg_sentiment,positive_share,negative_share,neutral_share,net_sentiment
Deadpool & Wolverine,2025-05,11,0,11,0.7272727272727273,0.36363636363636365,0.0,0.6363636363636364,0.36363636363636365
Deadpool & Wolverine,2025-07,35,1,34,0.2571428571428571,0.2,0.05714285714285714,0.7428571428571429,0.14285714285714288
Deadpool & Wolverine,2025-08,5,0,5,-0.6,0.0,0.2,0.8,-0.2
Deadpool & Wolverine,2025-12,2,0,2,0.5,0.5,0.0,0.5,0.5
Deadpool & Wolverine,2026-02,1,0,1,0.0,0.0,0.0,1.0,0.0
Dune 2,2025-04,3,0,3,1.0,1.0,0.0,0.0,1.0
Dune 2,2025-05,2,0,2,0.5,0.5,0.0,0.5,0.5
Dune 2,2025-06,2,0,2,0.0,0.0,0.0,1.0,0.0
Dune 2,2025-07,23,1,22,0.08695652173913043,0.13043478260869565,0.13043478260869565,0.7391304347826086,0.0
Dune 2,2025-08,1,0,1,0.0,0.0,0.0,1.0,0.0
Dune 2,2025-12,1,0,1,1.0,1.0,0.0,0.0,1.0
Dune 2,2026-03,1,1,0,0.0,0.0,0.0,1.0,0.0
Dune 2,2026-04,4,0,4,0.0,0.0,0.0,1.0,0.0
